<?xml version="1.0" encoding="UTF-8"?>
<metadata xml:lang="en"><Esri><CreaDate>20220607</CreaDate><CreaTime>15223200</CreaTime><SyncOnce>FALSE</SyncOnce><SyncDate>20210927</SyncDate><SyncTime>00242700</SyncTime><ModDate>20210927</ModDate><ModTime>00242700</ModTime><DataProperties><lineage><Process ToolSource="D:\ArcGisServer\ArcGIS\ArcToolbox\Toolboxes\Analysis Tools.tbx\SpatialJoin" Date="20170322" Time="153551">SpatialJoin "Cycling Path Gazette" "MP08 Planning Area" D:\data\cycleGazzette.mdb\CyclingPathGazette_SpatialJo JOIN_ONE_TO_ONE KEEP_ALL "SHAPE_Length 'SHAPE_Length' false true true 8 Double 0 0 ,First,#,D:\data\cycleGazzette.mdb\CyclingPathGazette,SHAPE_Length,-1,-1;JOB_NUM 'Job ID' true true false 20 Text 0 0 ,First,#,D:\data\cycleGazzette.mdb\CyclingPathGazette,JOB_NUM,-1,-1;PATH_TYPE 'Path Type' true false false 20 Text 0 0 ,First,#,D:\data\cycleGazzette.mdb\CyclingPathGazette,PATH_TYPE,-1,-1;RD_CD 'Road Code-Name' true true false 6 Text 0 0 ,First,#,D:\data\cycleGazzette.mdb\CyclingPathGazette,RD_CD,-1,-1;LVL_NUM 'Level of Road' true false false 2 Short 0 0 ,First,#,D:\data\cycleGazzette.mdb\CyclingPathGazette,LVL_NUM,-1,-1;AGENCY_IMPL 'Implementing Agencies' true true false 6 Text 0 0 ,First,#,D:\data\cycleGazzette.mdb\CyclingPathGazette,AGENCY_IMPL,-1,-1;AGENCY_MAINT 'Maintenance Agencies' true true false 6 Text 0 0 ,First,#,D:\data\cycleGazzette.mdb\CyclingPathGazette,AGENCY_MAINT,-1,-1;PLANNING_AREA 'Planning Area' true false false 100 Text 0 0 ,Join,,,D:\data\cycleGazzette.mdb\CyclingPathGazette,PLANNING_AREA,-1,-1;GAZETTE_DATE 'Date of Gazette' true false false 8 Date 0 0 ,First,#,D:\data\cycleGazzette.mdb\CyclingPathGazette,GAZETTE_DATE,-1,-1;LAUNCH_DATE 'Date of Launch' true false false 8 Date 0 0 ,First,#,D:\data\cycleGazzette.mdb\CyclingPathGazette,LAUNCH_DATE,-1,-1;PATH_OWNER 'Path Owner' true true false 100 Text 0 0 ,First,#,D:\data\cycleGazzette.mdb\CyclingPathGazette,PATH_OWNER,-1,-1;MISC 'Miscellaneous' true true false 200 Text 0 0 ,First,#,D:\data\cycleGazzette.mdb\CyclingPathGazette,MISC,-1,-1;PKG_REF 'Attachment Folder' true true false 50 Text 0 0 ,First,#,D:\data\cycleGazzette.mdb\CyclingPathGazette,PKG_REF,-1,-1;EXCEPTION_IND 'Exception Indicator' true true false 1 Text 0 0 ,First,#,D:\data\cycleGazzette.mdb\CyclingPathGazette,EXCEPTION_IND,-1,-1;LAST_UPD_USRID_NUM 'Last Update User ID' true false false 8 Text 0 0 ,First,#,D:\data\cycleGazzette.mdb\CyclingPathGazette,LAST_UPD_USRID_NUM,-1,-1;LAST_UPD_DTTM 'Last Update Date' true false false 8 Date 0 0 ,First,#,D:\data\cycleGazzette.mdb\CyclingPathGazette,LAST_UPD_DTTM,-1,-1;CRT_USRID_NUM 'Create User ID' true false false 8 Text 0 0 ,First,#,D:\data\cycleGazzette.mdb\CyclingPathGazette,CRT_USRID_NUM,-1,-1;CRT_DTTM 'Create  Date' true false false 8 Date 0 0 ,First,#,D:\data\cycleGazzette.mdb\CyclingPathGazette,CRT_DTTM,-1,-1;REMARKS 'Remarks' true true false 200 Text 0 0 ,First,#,D:\data\cycleGazzette.mdb\CyclingPathGazette,REMARKS,-1,-1;PLN_AREA_N 'Planning Area Name' true true false 30 Text 0 0 ,First,#,D:\data\cycleGazzette.mdb\MP08_PLANNING_AREA,PLN_AREA_N,-1,-1;PLN_AREA_C 'Planning Area Code' true true false 2 Text 0 0 ,First,#,D:\data\cycleGazzette.mdb\MP08_PLANNING_AREA,PLN_AREA_C,-1,-1;CA_IND 'Central Area Indicator' true true false 1 Text 0 0 ,First,#,D:\data\cycleGazzette.mdb\MP08_PLANNING_AREA,CA_IND,-1,-1;REGION_N 'Region Name' true true false 30 Text 0 0 ,First,#,D:\data\cycleGazzette.mdb\MP08_PLANNING_AREA,REGION_N,-1,-1;REGION_C 'Region Code' true true false 3 Text 0 0 ,First,#,D:\data\cycleGazzette.mdb\MP08_PLANNING_AREA,REGION_C,-1,-1" INTERSECTS "0 Meters" #</Process><Process ToolSource="D:\ArcGisServer\ArcGIS\ArcToolbox\Toolboxes\Data Management Tools.tbx\CopyFeatures" Date="20170804" Time="185157">CopyFeatures "D:\Data\Connection to GDM PDN4.sde\GDM.CyclingPathGazette1" "D:\Data\Connection to GDM PDN4.sde\GDM.LTALayers\GDM.GDM_CyclingPathGazette1" # 0 0 0</Process><Process ToolSource="D:\ArcGisServer\ArcGIS\ArcToolbox\Toolboxes\Data Management Tools.tbx\RegisterAsVersioned" Date="20170804" Time="185508">RegisterAsVersioned "D:\Data\Connection to GDM PDN4.sde\GDM.LTALayers\GDM.CyclingPathGazette" NO_EDITS_TO_BASE "D:\Data\Connection to GDM PDN4.sde\GDM.LTALayers\GDM.CyclingPathGazette"</Process><Process ToolSource="D:\ArcGIS\ArcToolbox\Toolboxes\Data Management Tools.tbx\CopyFeatures" Date="20171020" Time="203959">CopyFeatures "d:\DATA\Connection to GDM PDN4.sde\GDM.LTALayers\GDM.CyclingPathGazette" d:\DATA\Maestro\GDM.gdb\LTALayers\GDM_CyclingPathGazette # 0 0 0</Process></lineage><itemProps><itemLocation><linkage Sync="TRUE">Server=GISPE; Service=sde:oracle11g:GISPE; User=GDM; Version=GDM.GDMDM20210629-003JAF</linkage><protocol Sync="TRUE">ArcSDE Connection</protocol></itemLocation><itemName Sync="TRUE">GDM.CyclingPathGazette</itemName><imsContentType Sync="TRUE">002</imsContentType></itemProps><coordRef><type Sync="TRUE">Projected</type><geogcsn Sync="TRUE">GCS_WGS_1984</geogcsn><csUnits Sync="TRUE">Linear Unit: Meter (1.000000)</csUnits><projcsn Sync="TRUE">SVY21</projcsn><peXml Sync="TRUE">&lt;ProjectedCoordinateSystem xsi:type='typens:ProjectedCoordinateSystem' xmlns:xsi='http://www.w3.org/2001/XMLSchema-instance' xmlns:xs='http://www.w3.org/2001/XMLSchema' xmlns:typens='http://www.esri.com/schemas/ArcGIS/10.5'&gt;&lt;WKT&gt;PROJCS[&amp;quot;SVY21&amp;quot;,GEOGCS[&amp;quot;GCS_WGS_1984&amp;quot;,DATUM[&amp;quot;D_WGS_1984&amp;quot;,SPHEROID[&amp;quot;WGS_1984&amp;quot;,6378137.0,298.257223563]],PRIMEM[&amp;quot;Greenwich&amp;quot;,0.0],UNIT[&amp;quot;Degree&amp;quot;,0.0174532925199433]],PROJECTION[&amp;quot;Transverse_Mercator&amp;quot;],PARAMETER[&amp;quot;False_Easting&amp;quot;,28001.642],PARAMETER[&amp;quot;False_Northing&amp;quot;,38744.572],PARAMETER[&amp;quot;Central_Meridian&amp;quot;,103.8333333333333],PARAMETER[&amp;quot;Scale_Factor&amp;quot;,1.0],PARAMETER[&amp;quot;Latitude_Of_Origin&amp;quot;,1.366666666666667],UNIT[&amp;quot;Meter&amp;quot;,1.0]]&lt;/WKT&gt;&lt;XOrigin&gt;-5595199.9999862704&lt;/XOrigin&gt;&lt;YOrigin&gt;-10114499.9999817&lt;/YOrigin&gt;&lt;XYScale&gt;10000&lt;/XYScale&gt;&lt;ZOrigin&gt;0&lt;/ZOrigin&gt;&lt;ZScale&gt;1&lt;/ZScale&gt;&lt;MOrigin&gt;0&lt;/MOrigin&gt;&lt;MScale&gt;1&lt;/MScale&gt;&lt;XYTolerance&gt;0.00020000000000000001&lt;/XYTolerance&gt;&lt;ZTolerance&gt;1.9999999999999998e-005&lt;/ZTolerance&gt;&lt;MTolerance&gt;1.9999999999999998e-005&lt;/MTolerance&gt;&lt;HighPrecision&gt;true&lt;/HighPrecision&gt;&lt;/ProjectedCoordinateSystem&gt;</peXml></coordRef></DataProperties><ArcGISFormat>1.0</ArcGISFormat></Esri><idinfo><native Sync="TRUE">Microsoft Windows Vista Version 6.0 (Build 6002) Service Pack 2; ESRI ArcCatalog 9.3.1.3000</native><descript><langdata Sync="TRUE">en</langdata><abstract>REQUIRED: A brief narrative summary of the data set.</abstract><purpose>REQUIRED: A summary of the intentions with which the data set was developed.</purpose></descript><citation><citeinfo><origin>REQUIRED: The name of an organization or individual that developed the data set.</origin><pubdate>REQUIRED: The date when the data set is published or otherwise made available for release.</pubdate><title Sync="TRUE">GDM_CyclingPathGazette</title><ftname Sync="TRUE">GDM_CyclingPathGazette</ftname><geoform Sync="TRUE">vector digital data</geoform><onlink Sync="TRUE">\\MWP74\DATA\Maestro\GDM.gdb</onlink></citeinfo></citation><timeperd><current>REQUIRED: The basis on which the time period of content information is determined.</current><timeinfo><sngdate><caldate>REQUIRED: The year (and optionally month, or month and day) for which the data set corresponds to the ground.</caldate></sngdate></timeinfo></timeperd><status><progress>REQUIRED: The state of the data set.</progress><update>REQUIRED: The frequency with which changes and additions are made to the data set after the initial data set is completed.</update></status><spdom><bounding><westbc Sync="TRUE">REQUIRED: Western-most coordinate of the limit of coverage expressed in longitude.</westbc><eastbc Sync="TRUE">REQUIRED: Eastern-most coordinate of the limit of coverage expressed in longitude.</eastbc><northbc Sync="TRUE">REQUIRED: Northern-most coordinate of the limit of coverage expressed in latitude.</northbc><southbc Sync="TRUE">REQUIRED: Southern-most coordinate of the limit of coverage expressed in latitude.</southbc></bounding></spdom><keywords><theme><themekt>REQUIRED: Reference to a formally registered thesaurus or a similar authoritative source of theme keywords.</themekt><themekey>REQUIRED: Common-use word or phrase used to describe the subject of the data set.</themekey></theme></keywords><accconst>REQUIRED: Restrictions and legal prerequisites for accessing the data set.</accconst><useconst>REQUIRED: Restrictions and legal prerequisites for using the data set after access is granted.</useconst><natvform Sync="TRUE">File Geodatabase Feature Class</natvform></idinfo><dataIdInfo><envirDesc Sync="TRUE"> Version 6.2 (Build 9200) ; Esri ArcGIS 10.5.0.6491</envirDesc><dataLang><languageCode Sync="TRUE" value="eng"></languageCode><countryCode value="USA" Sync="TRUE"></countryCode></dataLang><idCitation><resTitle Sync="TRUE">GDM.CyclingPathGazette</resTitle><presForm><PresFormCd Sync="TRUE" value="005"></PresFormCd></presForm></idCitation><spatRpType><SpatRepTypCd Sync="TRUE" value="001"></SpatRepTypCd></spatRpType></dataIdInfo><metainfo><langmeta Sync="TRUE">en</langmeta><metstdn Sync="TRUE">FGDC Content Standards for Digital Geospatial Metadata</metstdn><metstdv Sync="TRUE">FGDC-STD-001-1998</metstdv><mettc Sync="TRUE">local time</mettc><metc><cntinfo><cntorgp><cntper>REQUIRED: The person responsible for the metadata information.</cntper><cntorg>REQUIRED: The organization responsible for the metadata information.</cntorg></cntorgp><cntaddr><addrtype>REQUIRED: The mailing and/or physical address for the organization or individual.</addrtype><city>REQUIRED: The city of the address.</city><state>REQUIRED: The state or province of the address.</state><postal>REQUIRED: The ZIP or other postal code of the address.</postal></cntaddr><cntvoice>REQUIRED: The telephone number by which individuals can speak to the organization or individual.</cntvoice></cntinfo></metc><metd Sync="TRUE">20171020</metd></metainfo><mdLang><languageCode Sync="TRUE" value="eng"></languageCode><countryCode value="USA" Sync="TRUE"></countryCode></mdLang><mdStanName Sync="TRUE">ISO 19115 Geographic Information - Metadata</mdStanName><mdStanVer Sync="TRUE">DIS_ESRI1.0</mdStanVer><mdChar><CharSetCd Sync="TRUE" value="004"></CharSetCd></mdChar><mdHrLv><ScopeCd Sync="TRUE" value="005"></ScopeCd></mdHrLv><mdHrLvName Sync="TRUE">dataset</mdHrLvName><distinfo><resdesc Sync="TRUE">Downloadable Data</resdesc></distinfo><distInfo><distributor><distorTran><onLineSrc><orDesc Sync="TRUE">002</orDesc><linkage Sync="TRUE">file://\\MWP74\DATA\Maestro\GDM.gdb</linkage><protocol Sync="TRUE">Local Area Network</protocol></onLineSrc></distorTran><distorFormat><formatName Sync="TRUE">File Geodatabase Feature Class</formatName></distorFormat></distributor><distFormat><formatName Sync="TRUE">SDE Feature Class</formatName></distFormat></distInfo><spdoinfo><direct Sync="TRUE">Vector</direct><ptvctinf><esriterm Name="GDM.CyclingPathGazette"><efeatyp Sync="TRUE">Simple</efeatyp><efeageom code="3" Sync="TRUE"></efeageom><esritopo Sync="TRUE">FALSE</esritopo><efeacnt Sync="TRUE">0</efeacnt><spindex Sync="TRUE">TRUE</spindex><linrefer Sync="TRUE">FALSE</linrefer></esriterm></ptvctinf></spdoinfo><spref><horizsys><cordsysn><geogcsn Sync="TRUE">GCS_WGS_1984</geogcsn><projcsn Sync="TRUE">SVY21</projcsn></cordsysn><planar><planci><plance Sync="TRUE">coordinate pair</plance><plandu Sync="TRUE">meters</plandu><coordrep><absres Sync="TRUE">0.000007</absres><ordres Sync="TRUE">0.000007</ordres></coordrep></planci></planar><geodetic><horizdn Sync="TRUE">D_WGS_1984</horizdn><ellips Sync="TRUE">WGS_1984</ellips><semiaxis Sync="TRUE">6378137.000000</semiaxis><denflat Sync="TRUE">298.257224</denflat></geodetic></horizsys><vertdef><altsys><altenc Sync="TRUE">Explicit elevation coordinate included with horizontal coordinates</altenc><altres Sync="TRUE">0.000003</altres></altsys></vertdef></spref><refSysInfo><RefSystem><refSysID><identCode Sync="TRUE" code="0">SVY21</identCode></refSysID></RefSystem></refSysInfo><spatRepInfo><VectSpatRep><geometObjs Name="GDM.CyclingPathGazette"><geoObjTyp><GeoObjTypCd value="002" Sync="TRUE"></GeoObjTypCd></geoObjTyp><geoObjCnt Sync="TRUE">0</geoObjCnt></geometObjs><topLvl><TopoLevCd value="001" Sync="TRUE"></TopoLevCd></topLvl></VectSpatRep></spatRepInfo><eainfo><detailed Name="GDM.CyclingPathGazette"><enttyp><enttypl Sync="TRUE">GDM.CyclingPathGazette</enttypl><enttypt Sync="TRUE">Feature Class</enttypt><enttypc Sync="TRUE">0</enttypc></enttyp><attr><attrlabl Sync="TRUE">OBJECTID</attrlabl><attalias Sync="TRUE">Object ID</attalias><attrtype Sync="TRUE">OID</attrtype><attwidth Sync="TRUE">4</attwidth><atprecis Sync="TRUE">10</atprecis><attscale Sync="TRUE">0</attscale><attrdef Sync="TRUE">Internal feature number.</attrdef><attrdefs Sync="TRUE">ESRI</attrdefs><attrdomv><udom Sync="TRUE">Sequential unique whole numbers that are automatically generated.</udom></attrdomv></attr><attr><attrlabl Sync="TRUE">SHAPE</attrlabl><attalias Sync="TRUE">Shape</attalias><attrtype Sync="TRUE">Geometry</attrtype><attwidth Sync="TRUE">4</attwidth><atprecis Sync="TRUE">0</atprecis><attscale Sync="TRUE">0</attscale><attrdef Sync="TRUE">Feature geometry.</attrdef><attrdefs Sync="TRUE">ESRI</attrdefs><attrdomv><udom Sync="TRUE">Coordinates defining the features.</udom></attrdomv></attr><attr><attrlabl Sync="TRUE">JOB_NUM</attrlabl><attalias Sync="TRUE">Job ID</attalias><attrtype Sync="TRUE">String</attrtype><attwidth Sync="TRUE">20</attwidth><atprecis Sync="TRUE">0</atprecis><attscale Sync="TRUE">0</attscale></attr><attr><attrlabl Sync="TRUE">PATH_TYPE</attrlabl><attalias Sync="TRUE">Path Type</attalias><attrtype Sync="TRUE">String</attrtype><attwidth Sync="TRUE">20</attwidth><atprecis Sync="TRUE">0</atprecis><attscale Sync="TRUE">0</attscale></attr><attr><attrlabl Sync="TRUE">RD_CD</attrlabl><attalias Sync="TRUE">Road Code-Name</attalias><attrtype Sync="TRUE">String</attrtype><attwidth Sync="TRUE">6</attwidth><atprecis Sync="TRUE">0</atprecis><attscale Sync="TRUE">0</attscale></attr><attr><attrlabl Sync="TRUE">LVL_NUM</attrlabl><attalias Sync="TRUE">Level of Road</attalias><attrtype Sync="TRUE">SmallInteger</attrtype><attwidth Sync="TRUE">2</attwidth><atprecis Sync="TRUE">5</atprecis><attscale Sync="TRUE">0</attscale></attr><attr><attrlabl Sync="TRUE">AGENCY_IMPL</attrlabl><attalias Sync="TRUE">Implementing Agencies</attalias><attrtype Sync="TRUE">String</attrtype><attwidth Sync="TRUE">6</attwidth><atprecis Sync="TRUE">0</atprecis><attscale Sync="TRUE">0</attscale></attr><attr><attrlabl Sync="TRUE">AGENCY_MAINT</attrlabl><attalias Sync="TRUE">Maintenance Agencies</attalias><attrtype Sync="TRUE">String</attrtype><attwidth Sync="TRUE">6</attwidth><atprecis Sync="TRUE">0</atprecis><attscale Sync="TRUE">0</attscale></attr><attr><attrlabl Sync="TRUE">PLANNING_AREA</attrlabl><attalias Sync="TRUE">Planning Area</attalias><attrtype Sync="TRUE">String</attrtype><attwidth Sync="TRUE">100</attwidth><atprecis Sync="TRUE">0</atprecis><attscale Sync="TRUE">0</attscale></attr><attr><attrlabl Sync="TRUE">GAZETTE_DATE</attrlabl><attalias Sync="TRUE">Date of Gazette</attalias><attrtype Sync="TRUE">Date</attrtype><attwidth Sync="TRUE">8</attwidth><atprecis Sync="TRUE">0</atprecis><attscale Sync="TRUE">0</attscale></attr><attr><attrlabl Sync="TRUE">LAUNCH_DATE</attrlabl><attalias Sync="TRUE">Date of Launch</attalias><attrtype Sync="TRUE">Date</attrtype><attwidth Sync="TRUE">8</attwidth><atprecis Sync="TRUE">0</atprecis><attscale Sync="TRUE">0</attscale></attr><attr><attrlabl Sync="TRUE">PATH_OWNER</attrlabl><attalias Sync="TRUE">Path Owner</attalias><attrtype Sync="TRUE">String</attrtype><attwidth Sync="TRUE">100</attwidth><atprecis Sync="TRUE">0</atprecis><attscale Sync="TRUE">0</attscale></attr><attr><attrlabl Sync="TRUE">MISC</attrlabl><attalias Sync="TRUE">Miscellaneous</attalias><attrtype Sync="TRUE">String</attrtype><attwidth Sync="TRUE">200</attwidth><atprecis Sync="TRUE">0</atprecis><attscale Sync="TRUE">0</attscale></attr><attr><attrlabl Sync="TRUE">PKG_REF</attrlabl><attalias Sync="TRUE">Attachment Folder</attalias><attrtype Sync="TRUE">String</attrtype><attwidth Sync="TRUE">50</attwidth><atprecis Sync="TRUE">0</atprecis><attscale Sync="TRUE">0</attscale></attr><attr><attrlabl Sync="TRUE">EXCEPTION_IND</attrlabl><attalias Sync="TRUE">Exception Indicator</attalias><attrtype Sync="TRUE">String</attrtype><attwidth Sync="TRUE">1</attwidth><atprecis Sync="TRUE">0</atprecis><attscale Sync="TRUE">0</attscale></attr><attr><attrlabl Sync="TRUE">LAST_UPD_USRID_NUM</attrlabl><attalias Sync="TRUE">Last Update User ID</attalias><attrtype Sync="TRUE">String</attrtype><attwidth Sync="TRUE">8</attwidth><atprecis Sync="TRUE">0</atprecis><attscale Sync="TRUE">0</attscale></attr><attr><attrlabl Sync="TRUE">LAST_UPD_DTTM</attrlabl><attalias Sync="TRUE">Last Update Date</attalias><attrtype Sync="TRUE">Date</attrtype><attwidth Sync="TRUE">8</attwidth><atprecis Sync="TRUE">0</atprecis><attscale Sync="TRUE">0</attscale></attr><attr><attrlabl Sync="TRUE">CRT_USRID_NUM</attrlabl><attalias Sync="TRUE">Create User ID</attalias><attrtype Sync="TRUE">String</attrtype><attwidth Sync="TRUE">8</attwidth><atprecis Sync="TRUE">0</atprecis><attscale Sync="TRUE">0</attscale></attr><attr><attrlabl Sync="TRUE">CRT_DTTM</attrlabl><attalias Sync="TRUE">Create  Date</attalias><attrtype Sync="TRUE">Date</attrtype><attwidth Sync="TRUE">8</attwidth><atprecis Sync="TRUE">0</atprecis><attscale Sync="TRUE">0</attscale></attr><attr><attrlabl Sync="TRUE">REMARKS</attrlabl><attalias Sync="TRUE">Remarks</attalias><attrtype Sync="TRUE">String</attrtype><attwidth Sync="TRUE">200</attwidth><atprecis Sync="TRUE">0</atprecis><attscale Sync="TRUE">0</attscale></attr><attr><attrlabl Sync="TRUE">SHAPE.LEN</attrlabl><attalias Sync="TRUE">SHAPE.LEN</attalias><attrtype Sync="TRUE">Double</attrtype><attwidth Sync="TRUE">0</attwidth><atprecis Sync="TRUE">0</atprecis><attscale Sync="TRUE">0</attscale></attr></detailed></eainfo><mdDateSt Sync="TRUE">20210927</mdDateSt><dataqual><lineage><procstep><procdesc Sync="TRUE">Dataset copied.</procdesc><srcused Sync="TRUE">\\MWDT21\data\cycleGazzette.mdb</srcused><procdate Sync="TRUE">20170327</procdate><proctime Sync="TRUE">14383900</proctime></procstep><procstep><procdesc Sync="TRUE">Dataset copied.</procdesc><srcused Sync="TRUE">Server=hudt19; Service=5161; Database=dev4; User=gdm; Version=SDE.DEFAULT</srcused><procdate Sync="TRUE">20170726</procdate><proctime Sync="TRUE">17072900</proctime></procstep><procstep><procdesc Sync="TRUE">Dataset copied.</procdesc><srcused Sync="TRUE">\\MWP74\D$\Temp\CyclingPathG.mdb</srcused><procdate Sync="TRUE">20170726</procdate><proctime Sync="TRUE">17180300</proctime></procstep></lineage></dataqual></metadata>
